sak_five_1.png,0
sak_five_2.png,0
sak_five_3.png,0
sak_five_4.png,0
sak_five_5.png,0
sak_five_6.png,0
sak_five_7.png,0
sak_five_8.png,0
sak_five_9.png,0
sak_five_10.png,0
sak_five_11.png,0
sak_five_12.png,0
sak_five_13.png,0
sak_five_14.png,0
sak_five_15.png,0
sak_five_16.png,0
sak_five_17.png,0
sak_five_18.png,0
sak_five_19.png,0
sak_five_20.png,0
sak_five_21.png,0
sak_five_22.png,0
sak_five_23.png,0
sak_five_24.png,0
sak_five_25.png,0
sak_five_26.png,0
sak_five_27.png,0
sak_five_28.png,0
sak_five_29.png,0
sak_five_30.png,0
sak_five_31.png,0
sak_five_32.png,0
sak_five_33.png,0
sak_five_34.png,0
sak_five_35.png,0
sak_five_36.png,0
sak_five_37.png,0
sak_five_38.png,0
sak_five_39.png,0
sak_five_40.png,0
sak_five_41.png,0
sak_five_42.png,0
sak_five_43.png,0
sak_five_44.png,0
sak_five_45.png,0
sak_five_46.png,0
sak_five_47.png,0
sak_five_48.png,0
sak_five_49.png,0
sak_five_50.png,0
sak_five_51.png,0
sak_five_52.png,0
sak_five_53.png,0
sak_five_54.png,0
sak_five_55.png,0
sak_five_56.png,0
sak_five_57.png,0
sak_five_58.png,0
sak_five_59.png,0
sak_five_60.png,0
sak_five_61.png,0
sak_five_62.png,0
sak_five_63.png,0
sak_five_64.png,0
sak_five_65.png,0
sak_five_66.png,0
sak_five_67.png,0
sak_five_68.png,0
sak_five_69.png,0
sak_five_70.png,0
sak_five_71.png,0
sak_five_72.png,0
sak_five_73.png,0
sak_five_74.png,0
sak_five_75.png,0
sak_five_76.png,0
sak_five_77.png,0
sak_five_78.png,0
sak_five_79.png,0
sak_five_80.png,0
sak_five_81.png,0
sak_five_82.png,0
sak_five_83.png,0
sak_five_84.png,0
sak_five_85.png,0
sak_five_86.png,0
sak_five_87.png,0
sak_five_88.png,0
sak_five_89.png,0
sak_five_90.png,0
sak_five_91.png,0
sak_five_92.png,0
sak_five_93.png,0
sak_five_94.png,0
sak_five_95.png,0
sak_five_96.png,0
sak_five_97.png,0
sak_five_98.png,0
sak_five_99.png,0
sak_five_100.png,0
sak_five_101.png,0
sak_five_102.png,0
sak_five_103.png,0
sak_five_104.png,0
sak_five_105.png,0
sak_five_106.png,0
sak_five_107.png,0
sak_five_108.png,0
sak_five_109.png,0
sak_five_110.png,0
sak_five_111.png,0
sak_five_112.png,0
sak_five_113.png,0
sak_five_114.png,0
sak_five_115.png,0
sak_five_116.png,0
sak_five_117.png,0
sak_five_118.png,0
sak_five_119.png,0
sak_five_120.png,0
sak_five_121.png,0
sak_five_122.png,0
sak_five_123.png,0
sak_five_124.png,0
sak_five_125.png,0
sak_five_126.png,0
sak_five_127.png,0
sak_five_128.png,0
sak_five_129.png,0
sak_five_130.png,0
sak_five_131.png,0
sak_five_132.png,0
sak_five_133.png,0
sak_five_134.png,0
sak_five_135.png,0
sak_five_136.png,0
sak_five_137.png,0
sak_five_138.png,0
sak_five_139.png,0
sak_five_140.png,0
sak_five_141.png,0
sak_five_142.png,0
sak_five_143.png,0
sak_five_144.png,0
sak_five_145.png,0
sak_five_146.png,0
sak_five_147.png,0
sak_five_148.png,0
sak_five_149.png,0
sak_five_150.png,0
sak_five_151.png,0
sak_five_152.png,0
sak_five_153.png,0
sak_five_154.png,0
sak_five_155.png,0
sak_five_156.png,0
sak_five_157.png,0
sak_five_158.png,0
sak_five_159.png,0
sak_five_160.png,0
sak_five_161.png,0
sak_five_162.png,0
sak_five_163.png,0
sak_five_164.png,0
sak_five_165.png,0
sak_five_166.png,0
sak_five_167.png,0
sak_five_168.png,0
sak_five_169.png,0
sak_five_170.png,0
sak_five_171.png,0
sak_five_172.png,0
sak_five_173.png,0
sak_five_174.png,0
sak_five_175.png,0
sak_five_176.png,0
sak_five_177.png,0
sak_five_178.png,0
sak_five_179.png,0
sak_five_180.png,0
sak_five_181.png,0
sak_five_182.png,0
sak_five_183.png,0
sak_five_184.png,0
sak_five_185.png,0
sak_five_186.png,0
sak_five_187.png,0
sak_five_188.png,0
sak_five_189.png,0
sak_five_190.png,0
sak_five_191.png,0
sak_five_192.png,0
sak_five_193.png,0
sak_five_194.png,0
sak_five_195.png,0
sak_five_196.png,0
sak_five_197.png,0
sak_five_198.png,0
sak_five_199.png,0
sak_five_200.png,0
sak_five_201.png,0
sak_five_202.png,0
sak_five_203.png,0
sak_five_204.png,0
sak_five_205.png,0
sak_five_206.png,0
sak_five_207.png,0
sak_five_208.png,0
sak_five_209.png,0
sak_five_210.png,0
sak_five_211.png,0
sak_five_212.png,0
sak_five_213.png,0
sak_five_214.png,0
sak_five_215.png,0
sak_five_216.png,0
sak_five_217.png,0
sak_five_218.png,0
sak_five_219.png,0
sak_five_220.png,0
sak_five_221.png,0
sak_five_222.png,0
sak_five_223.png,0
sak_five_224.png,0
sak_five_225.png,0
sak_five_226.png,0
sak_five_227.png,0
sak_five_228.png,0
sak_five_229.png,0
sak_five_230.png,0
sak_five_231.png,0
sak_five_232.png,0
sak_five_233.png,0
sak_five_234.png,0
sak_five_235.png,0
sak_five_236.png,0
sak_five_237.png,0
sak_five_238.png,0
sak_five_239.png,0
sak_five_240.png,0
sak_five_241.png,0
sak_five_242.png,0
sak_five_243.png,0
sak_five_244.png,0
sak_five_245.png,0
sak_five_246.png,0
sak_five_247.png,0
sak_five_248.png,0
sak_five_249.png,0
sak_five_250.png,0
sak_five_251.png,0
sak_five_252.png,0
sak_five_253.png,0
sak_five_254.png,0
sak_five_255.png,0
sak_five_256.png,0
sak_five_257.png,0
sak_five_258.png,0
sak_five_259.png,0
sak_five_260.png,0
sak_five_261.png,0
sak_five_262.png,0
sak_five_263.png,0
sak_five_264.png,0
sak_five_265.png,0
sak_five_266.png,0
sak_five_267.png,0
sak_five_268.png,0
sak_five_269.png,0
sak_five_270.png,0
sak_five_271.png,0
sak_five_272.png,0
sak_five_273.png,0
sak_five_274.png,0
sak_five_275.png,0
sak_five_276.png,0
sak_five_277.png,0
sak_five_278.png,0
sak_five_279.png,0
sak_five_280.png,0
sak_five_281.png,0
sak_five_282.png,0
sak_five_283.png,0
sak_five_284.png,0
sak_five_285.png,0
sak_five_286.png,0
sak_five_287.png,0
sak_five_288.png,0
sak_five_289.png,0
sak_five_290.png,0
sak_five_291.png,0
sak_five_292.png,0
sak_five_293.png,0
sak_five_294.png,0
sak_five_295.png,0
sak_five_296.png,0
sak_five_297.png,0
sak_five_298.png,0
sak_five_299.png,0
sak_five_300.png,0
sak_five_301.png,0
sak_five_302.png,0
sak_five_303.png,0
sak_five_304.png,0
sak_five_305.png,0
sak_five_306.png,0
sak_five_307.png,0
sak_five_308.png,0
sak_five_309.png,0
sak_five_310.png,0
sak_five_311.png,0
sak_five_312.png,0
sak_five_313.png,0
sak_five_314.png,0
sak_five_315.png,0
sak_five_316.png,0
sak_five_317.png,0
sak_five_318.png,0
sak_five_319.png,0
sak_five_320.png,0
sak_five_321.png,0
sak_five_322.png,0
sak_five_323.png,0
sak_five_324.png,0
sak_five_325.png,0
sak_five_326.png,0
sak_five_327.png,0
sak_five_328.png,0
sak_five_329.png,0
sak_five_330.png,0
sak_five_331.png,0
sak_five_332.png,0
sak_five_333.png,0
sak_five_334.png,0
sak_five_335.png,0
sak_five_336.png,0
sak_five_337.png,0
sak_five_338.png,0
sak_five_339.png,0
sak_five_340.png,0
sak_five_341.png,0
sak_five_342.png,0
sak_five_343.png,0
sak_five_344.png,0
sak_five_345.png,0
sak_five_346.png,0
sak_five_347.png,0
sak_five_348.png,0
sak_five_349.png,0
sak_five_350.png,0
sak_five_351.png,0
sak_five_352.png,0
sak_five_353.png,0
sak_five_354.png,0
sak_five_355.png,0
sak_five_356.png,0
sak_five_357.png,0
sak_five_358.png,0
sak_five_359.png,0
sak_five_360.png,0
sak_five_361.png,0
sak_five_362.png,0
sak_five_363.png,0
sak_five_364.png,0
sak_five_365.png,0
sak_five_366.png,0
sak_five_367.png,0
sak_five_368.png,0
sak_five_369.png,0
sak_five_370.png,0
sak_five_371.png,0
sak_five_372.png,0
sak_five_373.png,0
sak_five_374.png,0
sak_five_375.png,0
sak_five_376.png,0
sak_five_377.png,0
sak_five_378.png,0
sak_five_379.png,0
sak_five_380.png,0
sak_five_381.png,0
sak_five_382.png,0
sak_five_383.png,0
sak_five_384.png,0
sak_five_385.png,0
sak_five_386.png,0
sak_five_387.png,0
sak_five_388.png,0
sak_five_389.png,0
sak_five_390.png,0
sak_five_391.png,0
sak_five_392.png,0
sak_five_393.png,0
sak_five_394.png,0
sak_five_395.png,0
sak_five_396.png,0
sak_five_397.png,0
sak_five_398.png,0
sak_five_399.png,0
sak_five_400.png,0
sak_five_401.png,0
sak_five_402.png,0
sak_five_403.png,0
sak_five_404.png,0
sak_five_405.png,0
sak_five_406.png,0
sak_five_407.png,0
sak_five_408.png,0
sak_five_409.png,0
sak_five_410.png,0
sak_five_411.png,0
sak_five_412.png,0
sak_five_413.png,0
sak_five_414.png,0
sak_five_415.png,0
sak_five_416.png,0
sak_five_417.png,0
sak_five_418.png,0
sak_five_419.png,0
sak_five_420.png,0
sak_five_421.png,0
sak_five_422.png,0
sak_five_423.png,0
sak_five_424.png,0
sak_five_425.png,0
sak_five_426.png,0
sak_five_427.png,0
sak_five_428.png,0
sak_five_429.png,0
sak_five_430.png,0
sak_five_431.png,0
sak_five_432.png,0
sak_five_433.png,0
sak_five_434.png,0
sak_five_435.png,0
sak_five_436.png,0
sak_five_437.png,0
sak_five_438.png,0
sak_five_439.png,0
sak_five_440.png,0
sak_five_441.png,0
sak_five_442.png,0
sak_five_443.png,0
sak_five_444.png,0
sak_five_445.png,0
sak_five_446.png,0
sak_five_447.png,0
sak_five_448.png,0
sak_five_449.png,0
sak_five_450.png,0
sak_five_451.png,0
sak_five_452.png,0
sak_five_453.png,0
sak_five_454.png,0
sak_five_455.png,0
sak_five_456.png,0
sak_five_457.png,0
sak_five_458.png,0
sak_five_459.png,0
sak_five_460.png,0
sak_five_461.png,0
sak_five_462.png,0
sak_five_463.png,0
sak_five_464.png,0
sak_five_465.png,0
sak_five_466.png,0
sak_five_467.png,0
sak_five_468.png,0
sak_five_469.png,0
sak_five_470.png,0
sak_five_471.png,0
sak_five_472.png,0
sak_five_473.png,0
sak_five_474.png,0
sak_five_475.png,0
sak_five_476.png,0
sak_five_477.png,0
sak_five_478.png,0
sak_five_479.png,0
sak_five_480.png,0
sak_five_481.png,0
sak_five_482.png,0
sak_five_483.png,0
sak_five_484.png,0
sak_five_485.png,0
sak_five_486.png,0
sak_five_487.png,0
sak_five_488.png,0
sak_five_489.png,0
sak_five_490.png,0
sak_five_491.png,0
sak_five_492.png,0
sak_five_493.png,0
sak_five_494.png,0
sak_five_495.png,0
sak_five_496.png,0
sak_five_497.png,0
sak_five_498.png,0
sak_five_499.png,0
sak_five_500.png,0
sak_five_501.png,0
sak_five_502.png,0
sak_five_503.png,0
sak_five_504.png,0
sak_five_505.png,0
sak_five_506.png,0
sak_five_507.png,0
sak_five_508.png,0
sak_five_509.png,0
sak_five_510.png,0
sak_five_511.png,0
sak_five_512.png,0
sak_five_513.png,0
sak_five_514.png,0
sak_five_515.png,0
sak_five_516.png,0
sak_five_517.png,0
sak_five_518.png,0
sak_five_519.png,0
sak_five_520.png,0
sak_five_521.png,0
sak_five_522.png,0
sak_five_523.png,0
sak_five_524.png,0
sak_five_525.png,0
sak_five_526.png,0
sak_five_527.png,0
sak_five_528.png,0
sak_five_529.png,0
sak_five_530.png,0
sak_five_531.png,0
sak_five_532.png,0
sak_five_533.png,0
sak_five_534.png,0
sak_five_535.png,0
sak_five_536.png,0
sak_five_537.png,0
sak_five_538.png,0
sak_five_539.png,0
sak_five_540.png,0
sak_five_541.png,0
sak_five_542.png,0
sak_five_543.png,0
sak_five_544.png,0
sak_five_545.png,0
sak_five_546.png,0
sak_five_547.png,0
sak_five_548.png,0
sak_five_549.png,0
sak_five_550.png,0
sak_five_551.png,0
sak_five_552.png,0
sak_five_553.png,0
sak_five_554.png,0
sak_five_555.png,0
sak_five_556.png,0
sak_five_557.png,0
sak_five_558.png,0
sak_five_559.png,0
sak_five_560.png,0
sak_five_561.png,0
sak_five_562.png,0
sak_five_563.png,0
sak_five_564.png,0
sak_five_565.png,0
sak_five_566.png,0
sak_five_567.png,0
sak_five_568.png,0
sak_five_569.png,0
sak_five_570.png,0
sak_five_571.png,0
sak_five_572.png,0
sak_five_573.png,0
sak_five_574.png,0
sak_five_575.png,0
sak_five_576.png,0
sak_five_577.png,0
sak_five_578.png,0
sak_five_579.png,0
sak_five_580.png,0
sak_five_581.png,0
sak_five_582.png,0
sak_five_583.png,0
sak_five_584.png,0
sak_five_585.png,0
sak_five_586.png,0
sak_five_587.png,0
sak_five_588.png,0
sak_five_589.png,0
sak_five_590.png,0
sak_five_591.png,0
sak_five_592.png,0
sak_five_593.png,0
sak_five_594.png,0
sak_five_595.png,0
sak_five_596.png,0
sak_five_597.png,0
sak_five_598.png,0
sak_five_599.png,0
sak_five_600.png,0
man_seven_1.png,1
man_seven_2.png,1
man_seven_3.png,1
man_seven_4.png,1
man_seven_5.png,1
man_seven_6.png,1
man_seven_7.png,1
man_seven_8.png,1
man_seven_9.png,1
man_seven_10.png,1
man_seven_11.png,1
man_seven_12.png,1
man_seven_13.png,1
man_seven_14.png,1
man_seven_15.png,1
man_seven_16.png,1
man_seven_17.png,1
man_seven_18.png,1
man_seven_19.png,1
man_seven_20.png,1
man_seven_21.png,1
man_seven_22.png,1
man_seven_23.png,1
man_seven_24.png,1
man_seven_25.png,1
man_seven_26.png,1
man_seven_27.png,1
man_seven_28.png,1
man_seven_29.png,1
man_seven_30.png,1
man_seven_31.png,1
man_seven_32.png,1
man_seven_33.png,1
man_seven_34.png,1
man_seven_35.png,1
man_seven_36.png,1
man_seven_37.png,1
man_seven_38.png,1
man_seven_39.png,1
man_seven_40.png,1
man_seven_41.png,1
man_seven_42.png,1
man_seven_43.png,1
man_seven_44.png,1
man_seven_45.png,1
man_seven_46.png,1
man_seven_47.png,1
man_seven_48.png,1
man_seven_49.png,1
man_seven_50.png,1
man_seven_51.png,1
man_seven_52.png,1
man_seven_53.png,1
man_seven_54.png,1
man_seven_55.png,1
man_seven_56.png,1
man_seven_57.png,1
man_seven_58.png,1
man_seven_59.png,1
man_seven_60.png,1
man_seven_61.png,1
man_seven_62.png,1
man_seven_63.png,1
man_seven_64.png,1
man_seven_65.png,1
man_seven_66.png,1
man_seven_67.png,1
man_seven_68.png,1
man_seven_69.png,1
man_seven_70.png,1
man_seven_71.png,1
man_seven_72.png,1
man_seven_73.png,1
man_seven_74.png,1
man_seven_75.png,1
man_seven_76.png,1
man_seven_77.png,1
man_seven_78.png,1
man_seven_79.png,1
man_seven_80.png,1
man_seven_81.png,1
man_seven_82.png,1
man_seven_83.png,1
man_seven_84.png,1
man_seven_85.png,1
man_seven_86.png,1
man_seven_87.png,1
man_seven_88.png,1
man_seven_89.png,1
man_seven_90.png,1
man_seven_91.png,1
man_seven_92.png,1
man_seven_93.png,1
man_seven_94.png,1
man_seven_95.png,1
man_seven_96.png,1
man_seven_97.png,1
man_seven_98.png,1
man_seven_99.png,1
man_seven_100.png,1
man_seven_101.png,1
man_seven_102.png,1
man_seven_103.png,1
man_seven_104.png,1
man_seven_105.png,1
man_seven_106.png,1
man_seven_107.png,1
man_seven_108.png,1
man_seven_109.png,1
man_seven_110.png,1
man_seven_111.png,1
man_seven_112.png,1
man_seven_113.png,1
man_seven_114.png,1
man_seven_115.png,1
man_seven_116.png,1
man_seven_117.png,1
man_seven_118.png,1
man_seven_119.png,1
man_seven_120.png,1
man_seven_121.png,1
man_seven_122.png,1
man_seven_123.png,1
man_seven_124.png,1
man_seven_125.png,1
man_seven_126.png,1
man_seven_127.png,1
man_seven_128.png,1
man_seven_129.png,1
man_seven_130.png,1
man_seven_131.png,1
man_seven_132.png,1
man_seven_133.png,1
man_seven_134.png,1
man_seven_135.png,1
man_seven_136.png,1
man_seven_137.png,1
man_seven_138.png,1
man_seven_139.png,1
man_seven_140.png,1
man_seven_141.png,1
man_seven_142.png,1
man_seven_143.png,1
man_seven_144.png,1
man_seven_145.png,1
man_seven_146.png,1
man_seven_147.png,1
man_seven_148.png,1
man_seven_149.png,1
man_seven_150.png,1
man_seven_151.png,1
man_seven_152.png,1
man_seven_153.png,1
man_seven_154.png,1
man_seven_155.png,1
man_seven_156.png,1
man_seven_157.png,1
man_seven_158.png,1
man_seven_159.png,1
man_seven_160.png,1
man_seven_161.png,1
man_seven_162.png,1
man_seven_163.png,1
man_seven_164.png,1
man_seven_165.png,1
man_seven_166.png,1
man_seven_167.png,1
man_seven_168.png,1
man_seven_169.png,1
man_seven_170.png,1
man_seven_171.png,1
man_seven_172.png,1
man_seven_173.png,1
man_seven_174.png,1
man_seven_175.png,1
man_seven_176.png,1
man_seven_177.png,1
man_seven_178.png,1
man_seven_179.png,1
man_seven_180.png,1
man_seven_181.png,1
man_seven_182.png,1
man_seven_183.png,1
man_seven_184.png,1
man_seven_185.png,1
man_seven_186.png,1
man_seven_187.png,1
man_seven_188.png,1
man_seven_189.png,1
man_seven_190.png,1
man_seven_191.png,1
man_seven_192.png,1
man_seven_193.png,1
man_seven_194.png,1
man_seven_195.png,1
man_seven_196.png,1
man_seven_197.png,1
man_seven_198.png,1
man_seven_199.png,1
man_seven_200.png,1
man_seven_201.png,1
man_seven_202.png,1
man_seven_203.png,1
man_seven_204.png,1
man_seven_205.png,1
man_seven_206.png,1
man_seven_207.png,1
man_seven_208.png,1
man_seven_209.png,1
man_seven_210.png,1
man_seven_211.png,1
man_seven_212.png,1
man_seven_213.png,1
man_seven_214.png,1
man_seven_215.png,1
man_seven_216.png,1
man_seven_217.png,1
man_seven_218.png,1
man_seven_219.png,1
man_seven_220.png,1
man_seven_221.png,1
man_seven_222.png,1
man_seven_223.png,1
man_seven_224.png,1
man_seven_225.png,1
man_seven_226.png,1
man_seven_227.png,1
man_seven_228.png,1
man_seven_229.png,1
man_seven_230.png,1
man_seven_231.png,1
man_seven_232.png,1
man_seven_233.png,1
man_seven_234.png,1
man_seven_235.png,1
man_seven_236.png,1
man_seven_237.png,1
man_seven_238.png,1
man_seven_239.png,1
man_seven_240.png,1
man_seven_241.png,1
man_seven_242.png,1
man_seven_243.png,1
man_seven_244.png,1
man_seven_245.png,1
man_seven_246.png,1
man_seven_247.png,1
man_seven_248.png,1
man_seven_249.png,1
man_seven_250.png,1
man_seven_251.png,1
man_seven_252.png,1
man_seven_253.png,1
man_seven_254.png,1
man_seven_255.png,1
man_seven_256.png,1
man_seven_257.png,1
man_seven_258.png,1
man_seven_259.png,1
man_seven_260.png,1
man_seven_261.png,1
man_seven_262.png,1
man_seven_263.png,1
man_seven_264.png,1
man_seven_265.png,1
man_seven_266.png,1
man_seven_267.png,1
man_seven_268.png,1
man_seven_269.png,1
man_seven_270.png,1
man_seven_271.png,1
man_seven_272.png,1
man_seven_273.png,1
man_seven_274.png,1
man_seven_275.png,1
man_seven_276.png,1
man_seven_277.png,1
man_seven_278.png,1
man_seven_279.png,1
man_seven_280.png,1
man_seven_281.png,1
man_seven_282.png,1
man_seven_283.png,1
man_seven_284.png,1
man_seven_285.png,1
man_seven_286.png,1
man_seven_287.png,1
man_seven_288.png,1
man_seven_289.png,1
man_seven_290.png,1
man_seven_291.png,1
man_seven_292.png,1
man_seven_293.png,1
man_seven_294.png,1
man_seven_295.png,1
man_seven_296.png,1
man_seven_297.png,1
man_seven_298.png,1
man_seven_299.png,1
man_seven_300.png,1
man_seven_301.png,1
man_seven_302.png,1
man_seven_303.png,1
man_seven_304.png,1
man_seven_305.png,1
man_seven_306.png,1
man_seven_307.png,1
man_seven_308.png,1
man_seven_309.png,1
man_seven_310.png,1
man_seven_311.png,1
man_seven_312.png,1
man_seven_313.png,1
man_seven_314.png,1
man_seven_315.png,1
man_seven_316.png,1
man_seven_317.png,1
man_seven_318.png,1
man_seven_319.png,1
man_seven_320.png,1
man_seven_321.png,1
man_seven_322.png,1
man_seven_323.png,1
man_seven_324.png,1
man_seven_325.png,1
man_seven_326.png,1
man_seven_327.png,1
man_seven_328.png,1
man_seven_329.png,1
man_seven_330.png,1
man_seven_331.png,1
man_seven_332.png,1
man_seven_333.png,1
man_seven_334.png,1
man_seven_335.png,1
man_seven_336.png,1
man_seven_337.png,1
man_seven_338.png,1
man_seven_339.png,1
man_seven_340.png,1
man_seven_341.png,1
man_seven_342.png,1
man_seven_343.png,1
man_seven_344.png,1
man_seven_345.png,1
man_seven_346.png,1
man_seven_347.png,1
man_seven_348.png,1
man_seven_349.png,1
man_seven_350.png,1
man_seven_351.png,1
man_seven_352.png,1
man_seven_353.png,1
man_seven_354.png,1
man_seven_355.png,1
man_seven_356.png,1
man_seven_357.png,1
man_seven_358.png,1
man_seven_359.png,1
man_seven_360.png,1
man_seven_361.png,1
man_seven_362.png,1
man_seven_363.png,1
man_seven_364.png,1
man_seven_365.png,1
man_seven_366.png,1
man_seven_367.png,1
man_seven_368.png,1
man_seven_369.png,1
man_seven_370.png,1
man_seven_371.png,1
man_seven_372.png,1
man_seven_373.png,1
man_seven_374.png,1
man_seven_375.png,1
man_seven_376.png,1
man_seven_377.png,1
man_seven_378.png,1
man_seven_379.png,1
man_seven_380.png,1
man_seven_381.png,1
man_seven_382.png,1
man_seven_383.png,1
man_seven_384.png,1
man_seven_385.png,1
man_seven_386.png,1
man_seven_387.png,1
man_seven_388.png,1
man_seven_389.png,1
man_seven_390.png,1
man_seven_391.png,1
man_seven_392.png,1
man_seven_393.png,1
man_seven_394.png,1
man_seven_395.png,1
man_seven_396.png,1
man_seven_397.png,1
man_seven_398.png,1
man_seven_399.png,1
man_seven_400.png,1
man_seven_401.png,1
man_seven_402.png,1
man_seven_403.png,1
man_seven_404.png,1
man_seven_405.png,1
man_seven_406.png,1
man_seven_407.png,1
man_seven_408.png,1
man_seven_409.png,1
man_seven_410.png,1
man_seven_411.png,1
man_seven_412.png,1
man_seven_413.png,1
man_seven_414.png,1
man_seven_415.png,1
man_seven_416.png,1
man_seven_417.png,1
man_seven_418.png,1
man_seven_419.png,1
man_seven_420.png,1
man_seven_421.png,1
man_seven_422.png,1
man_seven_423.png,1
man_seven_424.png,1
man_seven_425.png,1
man_seven_426.png,1
man_seven_427.png,1
man_seven_428.png,1
man_seven_429.png,1
man_seven_430.png,1
man_seven_431.png,1
man_seven_432.png,1
man_seven_433.png,1
man_seven_434.png,1
man_seven_435.png,1
man_seven_436.png,1
man_seven_437.png,1
man_seven_438.png,1
man_seven_439.png,1
man_seven_440.png,1
man_seven_441.png,1
man_seven_442.png,1
man_seven_443.png,1
man_seven_444.png,1
man_seven_445.png,1
man_seven_446.png,1
man_seven_447.png,1
man_seven_448.png,1
man_seven_449.png,1
man_seven_450.png,1
man_seven_451.png,1
man_seven_452.png,1
man_seven_453.png,1
man_seven_454.png,1
man_seven_455.png,1
man_seven_456.png,1
man_seven_457.png,1
man_seven_458.png,1
man_seven_459.png,1
man_seven_460.png,1
man_seven_461.png,1
man_seven_462.png,1
man_seven_463.png,1
man_seven_464.png,1
man_seven_465.png,1
man_seven_466.png,1
man_seven_467.png,1
man_seven_468.png,1
man_seven_469.png,1
man_seven_470.png,1
man_seven_471.png,1
man_seven_472.png,1
man_seven_473.png,1
man_seven_474.png,1
man_seven_475.png,1
man_seven_476.png,1
man_seven_477.png,1
man_seven_478.png,1
man_seven_479.png,1
man_seven_480.png,1
man_seven_481.png,1
man_seven_482.png,1
man_seven_483.png,1
man_seven_484.png,1
man_seven_485.png,1
man_seven_486.png,1
man_seven_487.png,1
man_seven_488.png,1
man_seven_489.png,1
man_seven_490.png,1
man_seven_491.png,1
man_seven_492.png,1
man_seven_493.png,1
man_seven_494.png,1
man_seven_495.png,1
man_seven_496.png,1
man_seven_497.png,1
man_seven_498.png,1
man_seven_499.png,1
man_seven_500.png,1
man_seven_501.png,1
man_seven_502.png,1
man_seven_503.png,1
man_seven_504.png,1
man_seven_505.png,1
man_seven_506.png,1
man_seven_507.png,1
man_seven_508.png,1
man_seven_509.png,1
man_seven_510.png,1
man_seven_511.png,1
man_seven_512.png,1
man_seven_513.png,1
man_seven_514.png,1
man_seven_515.png,1
man_seven_516.png,1
man_seven_517.png,1
man_seven_518.png,1
man_seven_519.png,1
man_seven_520.png,1
man_seven_521.png,1
man_seven_522.png,1
man_seven_523.png,1
man_seven_524.png,1
man_seven_525.png,1
man_seven_526.png,1
man_seven_527.png,1
man_seven_528.png,1
man_seven_529.png,1
man_seven_530.png,1
man_seven_531.png,1
man_seven_532.png,1
man_seven_533.png,1
man_seven_534.png,1
man_seven_535.png,1
man_seven_536.png,1
man_seven_537.png,1
man_seven_538.png,1
man_seven_539.png,1
man_seven_540.png,1
man_seven_541.png,1
man_seven_542.png,1
man_seven_543.png,1
man_seven_544.png,1
man_seven_545.png,1
man_seven_546.png,1
man_seven_547.png,1
man_seven_548.png,1
man_seven_549.png,1
man_seven_550.png,1
man_seven_551.png,1
man_seven_552.png,1
man_seven_553.png,1
man_seven_554.png,1
man_seven_555.png,1
man_seven_556.png,1
man_seven_557.png,1
man_seven_558.png,1
man_seven_559.png,1
man_seven_560.png,1
man_seven_561.png,1
man_seven_562.png,1
man_seven_563.png,1
man_seven_564.png,1
man_seven_565.png,1
man_seven_566.png,1
man_seven_567.png,1
man_seven_568.png,1
man_seven_569.png,1
man_seven_570.png,1
man_seven_571.png,1
man_seven_572.png,1
man_seven_573.png,1
man_seven_574.png,1
man_seven_575.png,1
man_seven_576.png,1
man_seven_577.png,1
man_seven_578.png,1
man_seven_579.png,1
man_seven_580.png,1
man_seven_581.png,1
man_seven_582.png,1
man_seven_583.png,1
man_seven_584.png,1
man_seven_585.png,1
man_seven_586.png,1
man_seven_587.png,1
man_seven_588.png,1
man_seven_589.png,1
man_seven_590.png,1
man_seven_591.png,1
man_seven_592.png,1
man_seven_593.png,1
man_seven_594.png,1
man_seven_595.png,1
man_seven_596.png,1
man_seven_597.png,1
man_seven_598.png,1
man_seven_599.png,1
man_seven_600.png,1
man_seven_r_1.png,2
man_seven_r_2.png,2
man_seven_r_3.png,2
man_seven_r_4.png,2
man_seven_r_5.png,2
man_seven_r_6.png,2
man_seven_r_7.png,2
man_seven_r_8.png,2
man_seven_r_9.png,2
man_seven_r_10.png,2
man_seven_r_11.png,2
man_seven_r_12.png,2
man_seven_r_13.png,2
man_seven_r_14.png,2
man_seven_r_15.png,2
man_seven_r_16.png,2
man_seven_r_17.png,2
man_seven_r_18.png,2
man_seven_r_19.png,2
man_seven_r_20.png,2
man_seven_r_21.png,2
man_seven_r_22.png,2
man_seven_r_23.png,2
man_seven_r_24.png,2
man_seven_r_25.png,2
man_seven_r_26.png,2
man_seven_r_27.png,2
man_seven_r_28.png,2
man_seven_r_29.png,2
man_seven_r_30.png,2
man_seven_r_31.png,2
man_seven_r_32.png,2
man_seven_r_33.png,2
man_seven_r_34.png,2
man_seven_r_35.png,2
man_seven_r_36.png,2
man_seven_r_37.png,2
man_seven_r_38.png,2
man_seven_r_39.png,2
man_seven_r_40.png,2
man_seven_r_41.png,2
man_seven_r_42.png,2
man_seven_r_43.png,2
man_seven_r_44.png,2
man_seven_r_45.png,2
man_seven_r_46.png,2
man_seven_r_47.png,2
man_seven_r_48.png,2
man_seven_r_49.png,2
man_seven_r_50.png,2
man_seven_r_51.png,2
man_seven_r_52.png,2
man_seven_r_53.png,2
man_seven_r_54.png,2
man_seven_r_55.png,2
man_seven_r_56.png,2
man_seven_r_57.png,2
man_seven_r_58.png,2
man_seven_r_59.png,2
man_seven_r_60.png,2
man_seven_r_61.png,2
man_seven_r_62.png,2
man_seven_r_63.png,2
man_seven_r_64.png,2
man_seven_r_65.png,2
man_seven_r_66.png,2
man_seven_r_67.png,2
man_seven_r_68.png,2
man_seven_r_69.png,2
man_seven_r_70.png,2
man_seven_r_71.png,2
man_seven_r_72.png,2
man_seven_r_73.png,2
man_seven_r_74.png,2
man_seven_r_75.png,2
man_seven_r_76.png,2
man_seven_r_77.png,2
man_seven_r_78.png,2
man_seven_r_79.png,2
man_seven_r_80.png,2
man_seven_r_81.png,2
man_seven_r_82.png,2
man_seven_r_83.png,2
man_seven_r_84.png,2
man_seven_r_85.png,2
man_seven_r_86.png,2
man_seven_r_87.png,2
man_seven_r_88.png,2
man_seven_r_89.png,2
man_seven_r_90.png,2
man_seven_r_91.png,2
man_seven_r_92.png,2
man_seven_r_93.png,2
man_seven_r_94.png,2
man_seven_r_95.png,2
man_seven_r_96.png,2
man_seven_r_97.png,2
man_seven_r_98.png,2
man_seven_r_99.png,2
man_seven_r_100.png,2
man_seven_r_101.png,2
man_seven_r_102.png,2
man_seven_r_103.png,2
man_seven_r_104.png,2
man_seven_r_105.png,2
man_seven_r_106.png,2
man_seven_r_107.png,2
man_seven_r_108.png,2
man_seven_r_109.png,2
man_seven_r_110.png,2
man_seven_r_111.png,2
man_seven_r_112.png,2
man_seven_r_113.png,2
man_seven_r_114.png,2
man_seven_r_115.png,2
man_seven_r_116.png,2
man_seven_r_117.png,2
man_seven_r_118.png,2
man_seven_r_119.png,2
man_seven_r_120.png,2
man_seven_r_121.png,2
man_seven_r_122.png,2
man_seven_r_123.png,2
man_seven_r_124.png,2
man_seven_r_125.png,2
man_seven_r_126.png,2
man_seven_r_127.png,2
man_seven_r_128.png,2
man_seven_r_129.png,2
man_seven_r_130.png,2
man_seven_r_131.png,2
man_seven_r_132.png,2
man_seven_r_133.png,2
man_seven_r_134.png,2
man_seven_r_135.png,2
man_seven_r_136.png,2
man_seven_r_137.png,2
man_seven_r_138.png,2
man_seven_r_139.png,2
man_seven_r_140.png,2
man_seven_r_141.png,2
man_seven_r_142.png,2
man_seven_r_143.png,2
man_seven_r_144.png,2
man_seven_r_145.png,2
man_seven_r_146.png,2
man_seven_r_147.png,2
man_seven_r_148.png,2
man_seven_r_149.png,2
man_seven_r_150.png,2
man_seven_r_151.png,2
man_seven_r_152.png,2
man_seven_r_153.png,2
man_seven_r_154.png,2
man_seven_r_155.png,2
man_seven_r_156.png,2
man_seven_r_157.png,2
man_seven_r_158.png,2
man_seven_r_159.png,2
man_seven_r_160.png,2
man_seven_r_161.png,2
man_seven_r_162.png,2
man_seven_r_163.png,2
man_seven_r_164.png,2
man_seven_r_165.png,2
man_seven_r_166.png,2
man_seven_r_167.png,2
man_seven_r_168.png,2
man_seven_r_169.png,2
man_seven_r_170.png,2
man_seven_r_171.png,2
man_seven_r_172.png,2
man_seven_r_173.png,2
man_seven_r_174.png,2
man_seven_r_175.png,2
man_seven_r_176.png,2
man_seven_r_177.png,2
man_seven_r_178.png,2
man_seven_r_179.png,2
man_seven_r_180.png,2
man_seven_r_181.png,2
man_seven_r_182.png,2
man_seven_r_183.png,2
man_seven_r_184.png,2
man_seven_r_185.png,2
man_seven_r_186.png,2
man_seven_r_187.png,2
man_seven_r_188.png,2
man_seven_r_189.png,2
man_seven_r_190.png,2
man_seven_r_191.png,2
man_seven_r_192.png,2
man_seven_r_193.png,2
man_seven_r_194.png,2
man_seven_r_195.png,2
man_seven_r_196.png,2
man_seven_r_197.png,2
man_seven_r_198.png,2
man_seven_r_199.png,2
man_seven_r_200.png,2
man_seven_r_201.png,2
man_seven_r_202.png,2
man_seven_r_203.png,2
man_seven_r_204.png,2
man_seven_r_205.png,2
man_seven_r_206.png,2
man_seven_r_207.png,2
man_seven_r_208.png,2
man_seven_r_209.png,2
man_seven_r_210.png,2
man_seven_r_211.png,2
man_seven_r_212.png,2
man_seven_r_213.png,2
man_seven_r_214.png,2
man_seven_r_215.png,2
man_seven_r_216.png,2
man_seven_r_217.png,2
man_seven_r_218.png,2
man_seven_r_219.png,2
man_seven_r_220.png,2
man_seven_r_221.png,2
man_seven_r_222.png,2
man_seven_r_223.png,2
man_seven_r_224.png,2
man_seven_r_225.png,2
man_seven_r_226.png,2
man_seven_r_227.png,2
man_seven_r_228.png,2
man_seven_r_229.png,2
man_seven_r_230.png,2
man_seven_r_231.png,2
man_seven_r_232.png,2
man_seven_r_233.png,2
man_seven_r_234.png,2
man_seven_r_235.png,2
man_seven_r_236.png,2
man_seven_r_237.png,2
man_seven_r_238.png,2
man_seven_r_239.png,2
man_seven_r_240.png,2
man_seven_r_241.png,2
man_seven_r_242.png,2
man_seven_r_243.png,2
man_seven_r_244.png,2
man_seven_r_245.png,2
man_seven_r_246.png,2
man_seven_r_247.png,2
man_seven_r_248.png,2
man_seven_r_249.png,2
man_seven_r_250.png,2
man_seven_r_251.png,2
man_seven_r_252.png,2
man_seven_r_253.png,2
man_seven_r_254.png,2
man_seven_r_255.png,2
man_seven_r_256.png,2
man_seven_r_257.png,2
man_seven_r_258.png,2
man_seven_r_259.png,2
man_seven_r_260.png,2
man_seven_r_261.png,2
man_seven_r_262.png,2
man_seven_r_263.png,2
man_seven_r_264.png,2
man_seven_r_265.png,2
man_seven_r_266.png,2
man_seven_r_267.png,2
man_seven_r_268.png,2
man_seven_r_269.png,2
man_seven_r_270.png,2
man_seven_r_271.png,2
man_seven_r_272.png,2
man_seven_r_273.png,2
man_seven_r_274.png,2
man_seven_r_275.png,2
man_seven_r_276.png,2
man_seven_r_277.png,2
man_seven_r_278.png,2
man_seven_r_279.png,2
man_seven_r_280.png,2
man_seven_r_281.png,2
man_seven_r_282.png,2
man_seven_r_283.png,2
man_seven_r_284.png,2
man_seven_r_285.png,2
man_seven_r_286.png,2
man_seven_r_287.png,2
man_seven_r_288.png,2
man_seven_r_289.png,2
man_seven_r_290.png,2
man_seven_r_291.png,2
man_seven_r_292.png,2
man_seven_r_293.png,2
man_seven_r_294.png,2
man_seven_r_295.png,2
man_seven_r_296.png,2
man_seven_r_297.png,2
man_seven_r_298.png,2
man_seven_r_299.png,2
man_seven_r_300.png,2
man_seven_r_301.png,2
man_seven_r_302.png,2
man_seven_r_303.png,2
man_seven_r_304.png,2
man_seven_r_305.png,2
man_seven_r_306.png,2
man_seven_r_307.png,2
man_seven_r_308.png,2
man_seven_r_309.png,2
man_seven_r_310.png,2
man_seven_r_311.png,2
man_seven_r_312.png,2
man_seven_r_313.png,2
man_seven_r_314.png,2
man_seven_r_315.png,2
man_seven_r_316.png,2
man_seven_r_317.png,2
man_seven_r_318.png,2
man_seven_r_319.png,2
man_seven_r_320.png,2
man_seven_r_321.png,2
man_seven_r_322.png,2
man_seven_r_323.png,2
man_seven_r_324.png,2
man_seven_r_325.png,2
man_seven_r_326.png,2
man_seven_r_327.png,2
man_seven_r_328.png,2
man_seven_r_329.png,2
man_seven_r_330.png,2
man_seven_r_331.png,2
man_seven_r_332.png,2
man_seven_r_333.png,2
man_seven_r_334.png,2
man_seven_r_335.png,2
man_seven_r_336.png,2
man_seven_r_337.png,2
man_seven_r_338.png,2
man_seven_r_339.png,2
man_seven_r_340.png,2
man_seven_r_341.png,2
man_seven_r_342.png,2
man_seven_r_343.png,2
man_seven_r_344.png,2
man_seven_r_345.png,2
man_seven_r_346.png,2
man_seven_r_347.png,2
man_seven_r_348.png,2
man_seven_r_349.png,2
man_seven_r_350.png,2
man_seven_r_351.png,2
man_seven_r_352.png,2
man_seven_r_353.png,2
man_seven_r_354.png,2
man_seven_r_355.png,2
man_seven_r_356.png,2
man_seven_r_357.png,2
man_seven_r_358.png,2
man_seven_r_359.png,2
man_seven_r_360.png,2
man_seven_r_361.png,2
man_seven_r_362.png,2
man_seven_r_363.png,2
man_seven_r_364.png,2
man_seven_r_365.png,2
man_seven_r_366.png,2
man_seven_r_367.png,2
man_seven_r_368.png,2
man_seven_r_369.png,2
man_seven_r_370.png,2
man_seven_r_371.png,2
man_seven_r_372.png,2
man_seven_r_373.png,2
man_seven_r_374.png,2
man_seven_r_375.png,2
man_seven_r_376.png,2
man_seven_r_377.png,2
man_seven_r_378.png,2
man_seven_r_379.png,2
man_seven_r_380.png,2
man_seven_r_381.png,2
man_seven_r_382.png,2
man_seven_r_383.png,2
man_seven_r_384.png,2
man_seven_r_385.png,2
man_seven_r_386.png,2
man_seven_r_387.png,2
man_seven_r_388.png,2
man_seven_r_389.png,2
man_seven_r_390.png,2
man_seven_r_391.png,2
man_seven_r_392.png,2
man_seven_r_393.png,2
man_seven_r_394.png,2
man_seven_r_395.png,2
man_seven_r_396.png,2
man_seven_r_397.png,2
man_seven_r_398.png,2
man_seven_r_399.png,2
man_seven_r_400.png,2
man_seven_r_401.png,2
man_seven_r_402.png,2
man_seven_r_403.png,2
man_seven_r_404.png,2
man_seven_r_405.png,2
man_seven_r_406.png,2
man_seven_r_407.png,2
man_seven_r_408.png,2
man_seven_r_409.png,2
man_seven_r_410.png,2
man_seven_r_411.png,2
man_seven_r_412.png,2
man_seven_r_413.png,2
man_seven_r_414.png,2
man_seven_r_415.png,2
man_seven_r_416.png,2
man_seven_r_417.png,2
man_seven_r_418.png,2
man_seven_r_419.png,2
man_seven_r_420.png,2
man_seven_r_421.png,2
man_seven_r_422.png,2
man_seven_r_423.png,2
man_seven_r_424.png,2
man_seven_r_425.png,2
man_seven_r_426.png,2
man_seven_r_427.png,2
man_seven_r_428.png,2
man_seven_r_429.png,2
man_seven_r_430.png,2
man_seven_r_431.png,2
man_seven_r_432.png,2
man_seven_r_433.png,2
man_seven_r_434.png,2
man_seven_r_435.png,2
man_seven_r_436.png,2
man_seven_r_437.png,2
man_seven_r_438.png,2
man_seven_r_439.png,2
man_seven_r_440.png,2
man_seven_r_441.png,2
man_seven_r_442.png,2
man_seven_r_443.png,2
man_seven_r_444.png,2
man_seven_r_445.png,2
man_seven_r_446.png,2
man_seven_r_447.png,2
man_seven_r_448.png,2
man_seven_r_449.png,2
man_seven_r_450.png,2
man_seven_r_451.png,2
man_seven_r_452.png,2
man_seven_r_453.png,2
man_seven_r_454.png,2
man_seven_r_455.png,2
man_seven_r_456.png,2
man_seven_r_457.png,2
man_seven_r_458.png,2
man_seven_r_459.png,2
man_seven_r_460.png,2
man_seven_r_461.png,2
man_seven_r_462.png,2
man_seven_r_463.png,2
man_seven_r_464.png,2
man_seven_r_465.png,2
man_seven_r_466.png,2
man_seven_r_467.png,2
man_seven_r_468.png,2
man_seven_r_469.png,2
man_seven_r_470.png,2
man_seven_r_471.png,2
man_seven_r_472.png,2
man_seven_r_473.png,2
man_seven_r_474.png,2
man_seven_r_475.png,2
man_seven_r_476.png,2
man_seven_r_477.png,2
man_seven_r_478.png,2
man_seven_r_479.png,2
man_seven_r_480.png,2
man_seven_r_481.png,2
man_seven_r_482.png,2
man_seven_r_483.png,2
man_seven_r_484.png,2
man_seven_r_485.png,2
man_seven_r_486.png,2
man_seven_r_487.png,2
man_seven_r_488.png,2
man_seven_r_489.png,2
man_seven_r_490.png,2
man_seven_r_491.png,2
man_seven_r_492.png,2
man_seven_r_493.png,2
man_seven_r_494.png,2
man_seven_r_495.png,2
man_seven_r_496.png,2
man_seven_r_497.png,2
man_seven_r_498.png,2
man_seven_r_499.png,2
man_seven_r_500.png,2
man_seven_r_501.png,2
man_seven_r_502.png,2
man_seven_r_503.png,2
man_seven_r_504.png,2
man_seven_r_505.png,2
man_seven_r_506.png,2
man_seven_r_507.png,2
man_seven_r_508.png,2
man_seven_r_509.png,2
man_seven_r_510.png,2
man_seven_r_511.png,2
man_seven_r_512.png,2
man_seven_r_513.png,2
man_seven_r_514.png,2
man_seven_r_515.png,2
man_seven_r_516.png,2
man_seven_r_517.png,2
man_seven_r_518.png,2
man_seven_r_519.png,2
man_seven_r_520.png,2
man_seven_r_521.png,2
man_seven_r_522.png,2
man_seven_r_523.png,2
man_seven_r_524.png,2
man_seven_r_525.png,2
man_seven_r_526.png,2
man_seven_r_527.png,2
man_seven_r_528.png,2
man_seven_r_529.png,2
man_seven_r_530.png,2
man_seven_r_531.png,2
man_seven_r_532.png,2
man_seven_r_533.png,2
man_seven_r_534.png,2
man_seven_r_535.png,2
man_seven_r_536.png,2
man_seven_r_537.png,2
man_seven_r_538.png,2
man_seven_r_539.png,2
man_seven_r_540.png,2
man_seven_r_541.png,2
man_seven_r_542.png,2
man_seven_r_543.png,2
man_seven_r_544.png,2
man_seven_r_545.png,2
man_seven_r_546.png,2
man_seven_r_547.png,2
man_seven_r_548.png,2
man_seven_r_549.png,2
man_seven_r_550.png,2
man_seven_r_551.png,2
man_seven_r_552.png,2
man_seven_r_553.png,2
man_seven_r_554.png,2
man_seven_r_555.png,2
man_seven_r_556.png,2
man_seven_r_557.png,2
man_seven_r_558.png,2
man_seven_r_559.png,2
man_seven_r_560.png,2
man_seven_r_561.png,2
man_seven_r_562.png,2
man_seven_r_563.png,2
man_seven_r_564.png,2
man_seven_r_565.png,2
man_seven_r_566.png,2
man_seven_r_567.png,2
man_seven_r_568.png,2
man_seven_r_569.png,2
man_seven_r_570.png,2
man_seven_r_571.png,2
man_seven_r_572.png,2
man_seven_r_573.png,2
man_seven_r_574.png,2
man_seven_r_575.png,2
man_seven_r_576.png,2
man_seven_r_577.png,2
man_seven_r_578.png,2
man_seven_r_579.png,2
man_seven_r_580.png,2
man_seven_r_581.png,2
man_seven_r_582.png,2
man_seven_r_583.png,2
man_seven_r_584.png,2
man_seven_r_585.png,2
man_seven_r_586.png,2
man_seven_r_587.png,2
man_seven_r_588.png,2
man_seven_r_589.png,2
man_seven_r_590.png,2
man_seven_r_591.png,2
man_seven_r_592.png,2
man_seven_r_593.png,2
man_seven_r_594.png,2
man_seven_r_595.png,2
man_seven_r_596.png,2
man_seven_r_597.png,2
man_seven_r_598.png,2
man_seven_r_599.png,2
man_seven_r_600.png,2
Choong_1.png,3
Choong_2.png,3
Choong_3.png,3
Choong_4.png,3
Choong_5.png,3
Choong_6.png,3
Choong_7.png,3
Choong_8.png,3
Choong_9.png,3
Choong_10.png,3
Choong_11.png,3
Choong_12.png,3
Choong_13.png,3
Choong_14.png,3
Choong_15.png,3
Choong_16.png,3
Choong_17.png,3
Choong_18.png,3
Choong_19.png,3
Choong_20.png,3
Choong_21.png,3
Choong_22.png,3
Choong_23.png,3
Choong_24.png,3
Choong_25.png,3
Choong_26.png,3
Choong_27.png,3
Choong_28.png,3
Choong_29.png,3
Choong_30.png,3
Choong_31.png,3
Choong_32.png,3
Choong_33.png,3
Choong_34.png,3
Choong_35.png,3
Choong_36.png,3
Choong_37.png,3
Choong_38.png,3
Choong_39.png,3
Choong_40.png,3
Choong_41.png,3
Choong_42.png,3
Choong_43.png,3
Choong_44.png,3
Choong_45.png,3
Choong_46.png,3
Choong_47.png,3
Choong_48.png,3
Choong_49.png,3
Choong_50.png,3
Choong_51.png,3
Choong_52.png,3
Choong_53.png,3
Choong_54.png,3
Choong_55.png,3
Choong_56.png,3
Choong_57.png,3
Choong_58.png,3
Choong_59.png,3
Choong_60.png,3
Choong_61.png,3
Choong_62.png,3
Choong_63.png,3
Choong_64.png,3
Choong_65.png,3
Choong_66.png,3
Choong_67.png,3
Choong_68.png,3
Choong_69.png,3
Choong_70.png,3
Choong_71.png,3
Choong_72.png,3
Choong_73.png,3
Choong_74.png,3
Choong_75.png,3
Choong_76.png,3
Choong_77.png,3
Choong_78.png,3
Choong_79.png,3
Choong_80.png,3
Choong_81.png,3
Choong_82.png,3
Choong_83.png,3
Choong_84.png,3
Choong_85.png,3
Choong_86.png,3
Choong_87.png,3
Choong_88.png,3
Choong_89.png,3
Choong_90.png,3
Choong_91.png,3
Choong_92.png,3
Choong_93.png,3
Choong_94.png,3
Choong_95.png,3
Choong_96.png,3
Choong_97.png,3
Choong_98.png,3
Choong_99.png,3
Choong_100.png,3
Choong_101.png,3
Choong_102.png,3
Choong_103.png,3
Choong_104.png,3
Choong_105.png,3
Choong_106.png,3
Choong_107.png,3
Choong_108.png,3
Choong_109.png,3
Choong_110.png,3
Choong_111.png,3
Choong_112.png,3
Choong_113.png,3
Choong_114.png,3
Choong_115.png,3
Choong_116.png,3
Choong_117.png,3
Choong_118.png,3
Choong_119.png,3
Choong_120.png,3
Choong_121.png,3
Choong_122.png,3
Choong_123.png,3
Choong_124.png,3
Choong_125.png,3
Choong_126.png,3
Choong_127.png,3
Choong_128.png,3
Choong_129.png,3
Choong_130.png,3
Choong_131.png,3
Choong_132.png,3
Choong_133.png,3
Choong_134.png,3
Choong_135.png,3
Choong_136.png,3
Choong_137.png,3
Choong_138.png,3
Choong_139.png,3
Choong_140.png,3
Choong_141.png,3
Choong_142.png,3
Choong_143.png,3
Choong_144.png,3
Choong_145.png,3
Choong_146.png,3
Choong_147.png,3
Choong_148.png,3
Choong_149.png,3
Choong_150.png,3
Choong_151.png,3
Choong_152.png,3
Choong_153.png,3
Choong_154.png,3
Choong_155.png,3
Choong_156.png,3
Choong_157.png,3
Choong_158.png,3
Choong_159.png,3
Choong_160.png,3
Choong_161.png,3
Choong_162.png,3
Choong_163.png,3
Choong_164.png,3
Choong_165.png,3
Choong_166.png,3
Choong_167.png,3
Choong_168.png,3
Choong_169.png,3
Choong_170.png,3
Choong_171.png,3
Choong_172.png,3
Choong_173.png,3
Choong_174.png,3
Choong_175.png,3
Choong_176.png,3
Choong_177.png,3
Choong_178.png,3
Choong_179.png,3
Choong_180.png,3
Choong_181.png,3
Choong_182.png,3
Choong_183.png,3
Choong_184.png,3
Choong_185.png,3
Choong_186.png,3
Choong_187.png,3
Choong_188.png,3
Choong_189.png,3
Choong_190.png,3
Choong_191.png,3
Choong_192.png,3
Choong_193.png,3
Choong_194.png,3
Choong_195.png,3
Choong_196.png,3
Choong_197.png,3
Choong_198.png,3
Choong_199.png,3
Choong_200.png,3
Choong_201.png,3
Choong_202.png,3
Choong_203.png,3
Choong_204.png,3
Choong_205.png,3
Choong_206.png,3
Choong_207.png,3
Choong_208.png,3
Choong_209.png,3
Choong_210.png,3
Choong_211.png,3
Choong_212.png,3
Choong_213.png,3
Choong_214.png,3
Choong_215.png,3
Choong_216.png,3
Choong_217.png,3
Choong_218.png,3
Choong_219.png,3
Choong_220.png,3
Choong_221.png,3
Choong_222.png,3
Choong_223.png,3
Choong_224.png,3
Choong_225.png,3
Choong_226.png,3
Choong_227.png,3
Choong_228.png,3
Choong_229.png,3
Choong_230.png,3
Choong_231.png,3
Choong_232.png,3
Choong_233.png,3
Choong_234.png,3
Choong_235.png,3
Choong_236.png,3
Choong_237.png,3
Choong_238.png,3
Choong_239.png,3
Choong_240.png,3
Choong_241.png,3
Choong_242.png,3
Choong_243.png,3
Choong_244.png,3
Choong_245.png,3
Choong_246.png,3
Choong_247.png,3
Choong_248.png,3
Choong_249.png,3
Choong_250.png,3
Choong_251.png,3
Choong_252.png,3
Choong_253.png,3
Choong_254.png,3
Choong_255.png,3
Choong_256.png,3
Choong_257.png,3
Choong_258.png,3
Choong_259.png,3
Choong_260.png,3
Choong_261.png,3
Choong_262.png,3
Choong_263.png,3
Choong_264.png,3
Choong_265.png,3
Choong_266.png,3
Choong_267.png,3
Choong_268.png,3
Choong_269.png,3
Choong_270.png,3
Choong_271.png,3
Choong_272.png,3
Choong_273.png,3
Choong_274.png,3
Choong_275.png,3
Choong_276.png,3
Choong_277.png,3
Choong_278.png,3
Choong_279.png,3
Choong_280.png,3
Choong_281.png,3
Choong_282.png,3
Choong_283.png,3
Choong_284.png,3
Choong_285.png,3
Choong_286.png,3
Choong_287.png,3
Choong_288.png,3
Choong_289.png,3
Choong_290.png,3
Choong_291.png,3
Choong_292.png,3
Choong_293.png,3
Choong_294.png,3
Choong_295.png,3
Choong_296.png,3
Choong_297.png,3
Choong_298.png,3
Choong_299.png,3
Choong_300.png,3
Choong_301.png,3
Choong_302.png,3
Choong_303.png,3
Choong_304.png,3
Choong_305.png,3
Choong_306.png,3
Choong_307.png,3
Choong_308.png,3
Choong_309.png,3
Choong_310.png,3
Choong_311.png,3
Choong_312.png,3
Choong_313.png,3
Choong_314.png,3
Choong_315.png,3
Choong_316.png,3
Choong_317.png,3
Choong_318.png,3
Choong_319.png,3
Choong_320.png,3
Choong_321.png,3
Choong_322.png,3
Choong_323.png,3
Choong_324.png,3
Choong_325.png,3
Choong_326.png,3
Choong_327.png,3
Choong_328.png,3
Choong_329.png,3
Choong_330.png,3
Choong_331.png,3
Choong_332.png,3
Choong_333.png,3
Choong_334.png,3
Choong_335.png,3
Choong_336.png,3
Choong_337.png,3
Choong_338.png,3
Choong_339.png,3
Choong_340.png,3
Choong_341.png,3
Choong_342.png,3
Choong_343.png,3
Choong_344.png,3
Choong_345.png,3
Choong_346.png,3
Choong_347.png,3
Choong_348.png,3
Choong_349.png,3
Choong_350.png,3
Choong_351.png,3
Choong_352.png,3
Choong_353.png,3
Choong_354.png,3
Choong_355.png,3
Choong_356.png,3
Choong_357.png,3
Choong_358.png,3
Choong_359.png,3
Choong_360.png,3
Choong_361.png,3
Choong_362.png,3
Choong_363.png,3
Choong_364.png,3
Choong_365.png,3
Choong_366.png,3
Choong_367.png,3
Choong_368.png,3
Choong_369.png,3
Choong_370.png,3
Choong_371.png,3
Choong_372.png,3
Choong_373.png,3
Choong_374.png,3
Choong_375.png,3
Choong_376.png,3
Choong_377.png,3
Choong_378.png,3
Choong_379.png,3
Choong_380.png,3
Choong_381.png,3
Choong_382.png,3
Choong_383.png,3
Choong_384.png,3
Choong_385.png,3
Choong_386.png,3
Choong_387.png,3
Choong_388.png,3
Choong_389.png,3
Choong_390.png,3
Choong_391.png,3
Choong_392.png,3
Choong_393.png,3
Choong_394.png,3
Choong_395.png,3
Choong_396.png,3
Choong_397.png,3
Choong_398.png,3
Choong_399.png,3
Choong_400.png,3
Choong_401.png,3
Choong_402.png,3
Choong_403.png,3
Choong_404.png,3
Choong_405.png,3
Choong_406.png,3
Choong_407.png,3
Choong_408.png,3
Choong_409.png,3
Choong_410.png,3
Choong_411.png,3
Choong_412.png,3
Choong_413.png,3
Choong_414.png,3
Choong_415.png,3
Choong_416.png,3
Choong_417.png,3
Choong_418.png,3
Choong_419.png,3
Choong_420.png,3
Choong_421.png,3
Choong_422.png,3
Choong_423.png,3
Choong_424.png,3
Choong_425.png,3
Choong_426.png,3
Choong_427.png,3
Choong_428.png,3
Choong_429.png,3
Choong_430.png,3
Choong_431.png,3
Choong_432.png,3
Choong_433.png,3
Choong_434.png,3
Choong_435.png,3
Choong_436.png,3
Choong_437.png,3
Choong_438.png,3
Choong_439.png,3
Choong_440.png,3
Choong_441.png,3
Choong_442.png,3
Choong_443.png,3
Choong_444.png,3
Choong_445.png,3
Choong_446.png,3
Choong_447.png,3
Choong_448.png,3
Choong_449.png,3
Choong_450.png,3
Choong_451.png,3
Choong_452.png,3
Choong_453.png,3
Choong_454.png,3
Choong_455.png,3
Choong_456.png,3
Choong_457.png,3
Choong_458.png,3
Choong_459.png,3
Choong_460.png,3
Choong_461.png,3
Choong_462.png,3
Choong_463.png,3
Choong_464.png,3
Choong_465.png,3
Choong_466.png,3
Choong_467.png,3
Choong_468.png,3
Choong_469.png,3
Choong_470.png,3
Choong_471.png,3
Choong_472.png,3
Choong_473.png,3
Choong_474.png,3
Choong_475.png,3
Choong_476.png,3
Choong_477.png,3
Choong_478.png,3
Choong_479.png,3
Choong_480.png,3
Choong_481.png,3
Choong_482.png,3
Choong_483.png,3
Choong_484.png,3
Choong_485.png,3
Choong_486.png,3
Choong_487.png,3
Choong_488.png,3
Choong_489.png,3
Choong_490.png,3
Choong_491.png,3
Choong_492.png,3
Choong_493.png,3
Choong_494.png,3
Choong_495.png,3
Choong_496.png,3
Choong_497.png,3
Choong_498.png,3
Choong_499.png,3
Choong_500.png,3
Choong_501.png,3
Choong_502.png,3
Choong_503.png,3
Choong_504.png,3
Choong_505.png,3
Choong_506.png,3
Choong_507.png,3
Choong_508.png,3
Choong_509.png,3
Choong_510.png,3
Choong_511.png,3
Choong_512.png,3
Choong_513.png,3
Choong_514.png,3
Choong_515.png,3
Choong_516.png,3
Choong_517.png,3
Choong_518.png,3
Choong_519.png,3
Choong_520.png,3
Choong_521.png,3
Choong_522.png,3
Choong_523.png,3
Choong_524.png,3
Choong_525.png,3
Choong_526.png,3
Choong_527.png,3
Choong_528.png,3
Choong_529.png,3
Choong_530.png,3
Choong_531.png,3
Choong_532.png,3
Choong_533.png,3
Choong_534.png,3
Choong_535.png,3
Choong_536.png,3
Choong_537.png,3
Choong_538.png,3
Choong_539.png,3
Choong_540.png,3
Choong_541.png,3
Choong_542.png,3
Choong_543.png,3
Choong_544.png,3
Choong_545.png,3
Choong_546.png,3
Choong_547.png,3
Choong_548.png,3
Choong_549.png,3
Choong_550.png,3
Choong_551.png,3
Choong_552.png,3
Choong_553.png,3
Choong_554.png,3
Choong_555.png,3
Choong_556.png,3
Choong_557.png,3
Choong_558.png,3
Choong_559.png,3
Choong_560.png,3
Choong_561.png,3
Choong_562.png,3
Choong_563.png,3
Choong_564.png,3
Choong_565.png,3
Choong_566.png,3
Choong_567.png,3
Choong_568.png,3
Choong_569.png,3
Choong_570.png,3
Choong_571.png,3
Choong_572.png,3
Choong_573.png,3
Choong_574.png,3
Choong_575.png,3
Choong_576.png,3
Choong_577.png,3
Choong_578.png,3
Choong_579.png,3
Choong_580.png,3
Choong_581.png,3
Choong_582.png,3
Choong_583.png,3
Choong_584.png,3
Choong_585.png,3
Choong_586.png,3
Choong_587.png,3
Choong_588.png,3
Choong_589.png,3
Choong_590.png,3
Choong_591.png,3
Choong_592.png,3
Choong_593.png,3
Choong_594.png,3
Choong_595.png,3
Choong_596.png,3
Choong_597.png,3
Choong_598.png,3
Choong_599.png,3
Choong_600.png,3
Choong_r_1.png,4
Choong_r_2.png,4
Choong_r_3.png,4
Choong_r_4.png,4
Choong_r_5.png,4
Choong_r_6.png,4
Choong_r_7.png,4
Choong_r_8.png,4
Choong_r_9.png,4
Choong_r_10.png,4
Choong_r_11.png,4
Choong_r_12.png,4
Choong_r_13.png,4
Choong_r_14.png,4
Choong_r_15.png,4
Choong_r_16.png,4
Choong_r_17.png,4
Choong_r_18.png,4
Choong_r_19.png,4
Choong_r_20.png,4
Choong_r_21.png,4
Choong_r_22.png,4
Choong_r_23.png,4
Choong_r_24.png,4
Choong_r_25.png,4
Choong_r_26.png,4
Choong_r_27.png,4
Choong_r_28.png,4
Choong_r_29.png,4
Choong_r_30.png,4
Choong_r_31.png,4
Choong_r_32.png,4
Choong_r_33.png,4
Choong_r_34.png,4
Choong_r_35.png,4
Choong_r_36.png,4
Choong_r_37.png,4
Choong_r_38.png,4
Choong_r_39.png,4
Choong_r_40.png,4
Choong_r_41.png,4
Choong_r_42.png,4
Choong_r_43.png,4
Choong_r_44.png,4
Choong_r_45.png,4
Choong_r_46.png,4
Choong_r_47.png,4
Choong_r_48.png,4
Choong_r_49.png,4
Choong_r_50.png,4
Choong_r_51.png,4
Choong_r_52.png,4
Choong_r_53.png,4
Choong_r_54.png,4
Choong_r_55.png,4
Choong_r_56.png,4
Choong_r_57.png,4
Choong_r_58.png,4
Choong_r_59.png,4
Choong_r_60.png,4
Choong_r_61.png,4
Choong_r_62.png,4
Choong_r_63.png,4
Choong_r_64.png,4
Choong_r_65.png,4
Choong_r_66.png,4
Choong_r_67.png,4
Choong_r_68.png,4
Choong_r_69.png,4
Choong_r_70.png,4
Choong_r_71.png,4
Choong_r_72.png,4
Choong_r_73.png,4
Choong_r_74.png,4
Choong_r_75.png,4
Choong_r_76.png,4
Choong_r_77.png,4
Choong_r_78.png,4
Choong_r_79.png,4
Choong_r_80.png,4
Choong_r_81.png,4
Choong_r_82.png,4
Choong_r_83.png,4
Choong_r_84.png,4
Choong_r_85.png,4
Choong_r_86.png,4
Choong_r_87.png,4
Choong_r_88.png,4
Choong_r_89.png,4
Choong_r_90.png,4
Choong_r_91.png,4
Choong_r_92.png,4
Choong_r_93.png,4
Choong_r_94.png,4
Choong_r_95.png,4
Choong_r_96.png,4
Choong_r_97.png,4
Choong_r_98.png,4
Choong_r_99.png,4
Choong_r_100.png,4
Choong_r_101.png,4
Choong_r_102.png,4
Choong_r_103.png,4
Choong_r_104.png,4
Choong_r_105.png,4
Choong_r_106.png,4
Choong_r_107.png,4
Choong_r_108.png,4
Choong_r_109.png,4
Choong_r_110.png,4
Choong_r_111.png,4
Choong_r_112.png,4
Choong_r_113.png,4
Choong_r_114.png,4
Choong_r_115.png,4
Choong_r_116.png,4
Choong_r_117.png,4
Choong_r_118.png,4
Choong_r_119.png,4
Choong_r_120.png,4
Choong_r_121.png,4
Choong_r_122.png,4
Choong_r_123.png,4
Choong_r_124.png,4
Choong_r_125.png,4
Choong_r_126.png,4
Choong_r_127.png,4
Choong_r_128.png,4
Choong_r_129.png,4
Choong_r_130.png,4
Choong_r_131.png,4
Choong_r_132.png,4
Choong_r_133.png,4
Choong_r_134.png,4
Choong_r_135.png,4
Choong_r_136.png,4
Choong_r_137.png,4
Choong_r_138.png,4
Choong_r_139.png,4
Choong_r_140.png,4
Choong_r_141.png,4
Choong_r_142.png,4
Choong_r_143.png,4
Choong_r_144.png,4
Choong_r_145.png,4
Choong_r_146.png,4
Choong_r_147.png,4
Choong_r_148.png,4
Choong_r_149.png,4
Choong_r_150.png,4
Choong_r_151.png,4
Choong_r_152.png,4
Choong_r_153.png,4
Choong_r_154.png,4
Choong_r_155.png,4
Choong_r_156.png,4
Choong_r_157.png,4
Choong_r_158.png,4
Choong_r_159.png,4
Choong_r_160.png,4
Choong_r_161.png,4
Choong_r_162.png,4
Choong_r_163.png,4
Choong_r_164.png,4
Choong_r_165.png,4
Choong_r_166.png,4
Choong_r_167.png,4
Choong_r_168.png,4
Choong_r_169.png,4
Choong_r_170.png,4
Choong_r_171.png,4
Choong_r_172.png,4
Choong_r_173.png,4
Choong_r_174.png,4
Choong_r_175.png,4
Choong_r_176.png,4
Choong_r_177.png,4
Choong_r_178.png,4
Choong_r_179.png,4
Choong_r_180.png,4
Choong_r_181.png,4
Choong_r_182.png,4
Choong_r_183.png,4
Choong_r_184.png,4
Choong_r_185.png,4
Choong_r_186.png,4
Choong_r_187.png,4
Choong_r_188.png,4
Choong_r_189.png,4
Choong_r_190.png,4
Choong_r_191.png,4
Choong_r_192.png,4
Choong_r_193.png,4
Choong_r_194.png,4
Choong_r_195.png,4
Choong_r_196.png,4
Choong_r_197.png,4
Choong_r_198.png,4
Choong_r_199.png,4
Choong_r_200.png,4
Choong_r_201.png,4
Choong_r_202.png,4
Choong_r_203.png,4
Choong_r_204.png,4
Choong_r_205.png,4
Choong_r_206.png,4
Choong_r_207.png,4
Choong_r_208.png,4
Choong_r_209.png,4
Choong_r_210.png,4
Choong_r_211.png,4
Choong_r_212.png,4
Choong_r_213.png,4
Choong_r_214.png,4
Choong_r_215.png,4
Choong_r_216.png,4
Choong_r_217.png,4
Choong_r_218.png,4
Choong_r_219.png,4
Choong_r_220.png,4
Choong_r_221.png,4
Choong_r_222.png,4
Choong_r_223.png,4
Choong_r_224.png,4
Choong_r_225.png,4
Choong_r_226.png,4
Choong_r_227.png,4
Choong_r_228.png,4
Choong_r_229.png,4
Choong_r_230.png,4
Choong_r_231.png,4
Choong_r_232.png,4
Choong_r_233.png,4
Choong_r_234.png,4
Choong_r_235.png,4
Choong_r_236.png,4
Choong_r_237.png,4
Choong_r_238.png,4
Choong_r_239.png,4
Choong_r_240.png,4
Choong_r_241.png,4
Choong_r_242.png,4
Choong_r_243.png,4
Choong_r_244.png,4
Choong_r_245.png,4
Choong_r_246.png,4
Choong_r_247.png,4
Choong_r_248.png,4
Choong_r_249.png,4
Choong_r_250.png,4
Choong_r_251.png,4
Choong_r_252.png,4
Choong_r_253.png,4
Choong_r_254.png,4
Choong_r_255.png,4
Choong_r_256.png,4
Choong_r_257.png,4
Choong_r_258.png,4
Choong_r_259.png,4
Choong_r_260.png,4
Choong_r_261.png,4
Choong_r_262.png,4
Choong_r_263.png,4
Choong_r_264.png,4
Choong_r_265.png,4
Choong_r_266.png,4
Choong_r_267.png,4
Choong_r_268.png,4
Choong_r_269.png,4
Choong_r_270.png,4
Choong_r_271.png,4
Choong_r_272.png,4
Choong_r_273.png,4
Choong_r_274.png,4
Choong_r_275.png,4
Choong_r_276.png,4
Choong_r_277.png,4
Choong_r_278.png,4
Choong_r_279.png,4
Choong_r_280.png,4
Choong_r_281.png,4
Choong_r_282.png,4
Choong_r_283.png,4
Choong_r_284.png,4
Choong_r_285.png,4
Choong_r_286.png,4
Choong_r_287.png,4
Choong_r_288.png,4
Choong_r_289.png,4
Choong_r_290.png,4
Choong_r_291.png,4
Choong_r_292.png,4
Choong_r_293.png,4
Choong_r_294.png,4
Choong_r_295.png,4
Choong_r_296.png,4
Choong_r_297.png,4
Choong_r_298.png,4
Choong_r_299.png,4
Choong_r_300.png,4
Choong_r_301.png,4
Choong_r_302.png,4
Choong_r_303.png,4
Choong_r_304.png,4
Choong_r_305.png,4
Choong_r_306.png,4
Choong_r_307.png,4
Choong_r_308.png,4
Choong_r_309.png,4
Choong_r_310.png,4
Choong_r_311.png,4
Choong_r_312.png,4
Choong_r_313.png,4
Choong_r_314.png,4
Choong_r_315.png,4
Choong_r_316.png,4
Choong_r_317.png,4
Choong_r_318.png,4
Choong_r_319.png,4
Choong_r_320.png,4
Choong_r_321.png,4
Choong_r_322.png,4
Choong_r_323.png,4
Choong_r_324.png,4
Choong_r_325.png,4
Choong_r_326.png,4
Choong_r_327.png,4
Choong_r_328.png,4
Choong_r_329.png,4
Choong_r_330.png,4
Choong_r_331.png,4
Choong_r_332.png,4
Choong_r_333.png,4
Choong_r_334.png,4
Choong_r_335.png,4
Choong_r_336.png,4
Choong_r_337.png,4
Choong_r_338.png,4
Choong_r_339.png,4
Choong_r_340.png,4
Choong_r_341.png,4
Choong_r_342.png,4
Choong_r_343.png,4
Choong_r_344.png,4
Choong_r_345.png,4
Choong_r_346.png,4
Choong_r_347.png,4
Choong_r_348.png,4
Choong_r_349.png,4
Choong_r_350.png,4
Choong_r_351.png,4
Choong_r_352.png,4
Choong_r_353.png,4
Choong_r_354.png,4
Choong_r_355.png,4
Choong_r_356.png,4
Choong_r_357.png,4
Choong_r_358.png,4
Choong_r_359.png,4
Choong_r_360.png,4
Choong_r_361.png,4
Choong_r_362.png,4
Choong_r_363.png,4
Choong_r_364.png,4
Choong_r_365.png,4
Choong_r_366.png,4
Choong_r_367.png,4
Choong_r_368.png,4
Choong_r_369.png,4
Choong_r_370.png,4
Choong_r_371.png,4
Choong_r_372.png,4
Choong_r_373.png,4
Choong_r_374.png,4
Choong_r_375.png,4
Choong_r_376.png,4
Choong_r_377.png,4
Choong_r_378.png,4
Choong_r_379.png,4
Choong_r_380.png,4
Choong_r_381.png,4
Choong_r_382.png,4
Choong_r_383.png,4
Choong_r_384.png,4
Choong_r_385.png,4
Choong_r_386.png,4
Choong_r_387.png,4
Choong_r_388.png,4
Choong_r_389.png,4
Choong_r_390.png,4
Choong_r_391.png,4
Choong_r_392.png,4
Choong_r_393.png,4
Choong_r_394.png,4
Choong_r_395.png,4
Choong_r_396.png,4
Choong_r_397.png,4
Choong_r_398.png,4
Choong_r_399.png,4
Choong_r_400.png,4
Choong_r_401.png,4
Choong_r_402.png,4
Choong_r_403.png,4
Choong_r_404.png,4
Choong_r_405.png,4
Choong_r_406.png,4
Choong_r_407.png,4
Choong_r_408.png,4
Choong_r_409.png,4
Choong_r_410.png,4
Choong_r_411.png,4
Choong_r_412.png,4
Choong_r_413.png,4
Choong_r_414.png,4
Choong_r_415.png,4
Choong_r_416.png,4
Choong_r_417.png,4
Choong_r_418.png,4
Choong_r_419.png,4
Choong_r_420.png,4
Choong_r_421.png,4
Choong_r_422.png,4
Choong_r_423.png,4
Choong_r_424.png,4
Choong_r_425.png,4
Choong_r_426.png,4
Choong_r_427.png,4
Choong_r_428.png,4
Choong_r_429.png,4
Choong_r_430.png,4
Choong_r_431.png,4
Choong_r_432.png,4
Choong_r_433.png,4
Choong_r_434.png,4
Choong_r_435.png,4
Choong_r_436.png,4
Choong_r_437.png,4
Choong_r_438.png,4
Choong_r_439.png,4
Choong_r_440.png,4
Choong_r_441.png,4
Choong_r_442.png,4
Choong_r_443.png,4
Choong_r_444.png,4
Choong_r_445.png,4
Choong_r_446.png,4
Choong_r_447.png,4
Choong_r_448.png,4
Choong_r_449.png,4
Choong_r_450.png,4
Choong_r_451.png,4
Choong_r_452.png,4
Choong_r_453.png,4
Choong_r_454.png,4
Choong_r_455.png,4
Choong_r_456.png,4
Choong_r_457.png,4
Choong_r_458.png,4
Choong_r_459.png,4
Choong_r_460.png,4
Choong_r_461.png,4
Choong_r_462.png,4
Choong_r_463.png,4
Choong_r_464.png,4
Choong_r_465.png,4
Choong_r_466.png,4
Choong_r_467.png,4
Choong_r_468.png,4
Choong_r_469.png,4
Choong_r_470.png,4
Choong_r_471.png,4
Choong_r_472.png,4
Choong_r_473.png,4
Choong_r_474.png,4
Choong_r_475.png,4
Choong_r_476.png,4
Choong_r_477.png,4
Choong_r_478.png,4
Choong_r_479.png,4
Choong_r_480.png,4
Choong_r_481.png,4
Choong_r_482.png,4
Choong_r_483.png,4
Choong_r_484.png,4
Choong_r_485.png,4
Choong_r_486.png,4
Choong_r_487.png,4
Choong_r_488.png,4
Choong_r_489.png,4
Choong_r_490.png,4
Choong_r_491.png,4
Choong_r_492.png,4
Choong_r_493.png,4
Choong_r_494.png,4
Choong_r_495.png,4
Choong_r_496.png,4
Choong_r_497.png,4
Choong_r_498.png,4
Choong_r_499.png,4
Choong_r_500.png,4
Choong_r_501.png,4
Choong_r_502.png,4
Choong_r_503.png,4
Choong_r_504.png,4
Choong_r_505.png,4
Choong_r_506.png,4
Choong_r_507.png,4
Choong_r_508.png,4
Choong_r_509.png,4
Choong_r_510.png,4
Choong_r_511.png,4
Choong_r_512.png,4
Choong_r_513.png,4
Choong_r_514.png,4
Choong_r_515.png,4
Choong_r_516.png,4
Choong_r_517.png,4
Choong_r_518.png,4
Choong_r_519.png,4
Choong_r_520.png,4
Choong_r_521.png,4
Choong_r_522.png,4
Choong_r_523.png,4
Choong_r_524.png,4
Choong_r_525.png,4
Choong_r_526.png,4
Choong_r_527.png,4
Choong_r_528.png,4
Choong_r_529.png,4
Choong_r_530.png,4
Choong_r_531.png,4
Choong_r_532.png,4
Choong_r_533.png,4
Choong_r_534.png,4
Choong_r_535.png,4
Choong_r_536.png,4
Choong_r_537.png,4
Choong_r_538.png,4
Choong_r_539.png,4
Choong_r_540.png,4
Choong_r_541.png,4
Choong_r_542.png,4
Choong_r_543.png,4
Choong_r_544.png,4
Choong_r_545.png,4
Choong_r_546.png,4
Choong_r_547.png,4
Choong_r_548.png,4
Choong_r_549.png,4
Choong_r_550.png,4
Choong_r_551.png,4
Choong_r_552.png,4
Choong_r_553.png,4
Choong_r_554.png,4
Choong_r_555.png,4
Choong_r_556.png,4
Choong_r_557.png,4
Choong_r_558.png,4
Choong_r_559.png,4
Choong_r_560.png,4
Choong_r_561.png,4
Choong_r_562.png,4
Choong_r_563.png,4
Choong_r_564.png,4
Choong_r_565.png,4
Choong_r_566.png,4
Choong_r_567.png,4
Choong_r_568.png,4
Choong_r_569.png,4
Choong_r_570.png,4
Choong_r_571.png,4
Choong_r_572.png,4
Choong_r_573.png,4
Choong_r_574.png,4
Choong_r_575.png,4
Choong_r_576.png,4
Choong_r_577.png,4
Choong_r_578.png,4
Choong_r_579.png,4
Choong_r_580.png,4
Choong_r_581.png,4
Choong_r_582.png,4
Choong_r_583.png,4
Choong_r_584.png,4
Choong_r_585.png,4
Choong_r_586.png,4
Choong_r_587.png,4
Choong_r_588.png,4
Choong_r_589.png,4
Choong_r_590.png,4
Choong_r_591.png,4
Choong_r_592.png,4
Choong_r_593.png,4
Choong_r_594.png,4
Choong_r_595.png,4
Choong_r_596.png,4
Choong_r_597.png,4
Choong_r_598.png,4
Choong_r_599.png,4
Choong_r_600.png,4
